浦东新区泥城镇海关村,浦东新区海关村
青浦区华新镇陆象村,青浦区陆象村
青浦区重固镇毛家角村,青浦区毛家角村
浦东新区合庆镇跃进村,浦东新区跃进村
浦东新区川沙新镇纯新村,浦东新区纯新村
浦东新区祝桥镇新如村,浦东新区新如村
浦东新区张江镇沔北村,浦东新区沔北村
青浦区华新镇杨家庄村,青浦区杨家庄村
浦东新区张江镇新丰村,浦东新区新丰村
浦东新区合庆镇益民村,浦东新区益民村
浦东新区祝桥镇新营村,浦东新区新营村
浦东新区北蔡镇中界村,浦东新区中界村
浦东新区曹路镇顾东村,浦东新区顾东村
浦东新区高东镇龙桥村,浦东新区龙桥村
浦东新区三林镇杨思新村,浦东新区杨思新村
浦东新区宣桥镇张家桥村,浦东新区张家桥村
浦东新区祝桥镇大沟村,浦东新区大沟村
浦东新区祝桥镇营前村,浦东新区营前村
浦东新区合庆镇大星村,浦东新区大星村
浦东新区张江镇长元村,浦东新区长元村

浦东新区潍坊新村街道东南新村小区,浦东新区东南新村小区
浦东新区沪东新村街道沪新小区,浦东新区沪新小区
浦东新区金杨新村街道金杨新村十一街坊,浦东新区金杨新村十一街坊

嘉定区华亭镇唐行石村,嘉定区唐行石村
嘉定区华亭镇塔桥村,嘉定区塔桥村
嘉定区华亭镇毛桥村,嘉定区毛桥村
嘉定区华亭镇联一村,嘉定区联一村
嘉定区华亭镇连俊村,嘉定区连俊村
嘉定区华亭镇金吕村,嘉定区金吕村
嘉定区南翔镇新丰村,嘉定区新丰村
嘉定区南翔镇永丰村,嘉定区永丰村
嘉定区南翔镇管弄村,嘉定区管弄村
嘉定区南翔镇红翔村,嘉定区红翔村
嘉定区嘉定工业区三里村,嘉定区三里村
嘉定区嘉定工业区南苑三村,嘉定区南苑三村
嘉定区嘉定工业区南苑五村,嘉定区南苑五村
嘉定区嘉定工业区娄东村,嘉定区娄东村
嘉定区嘉定工业区灯塔村,嘉定区灯塔村

嘉定区嘉定工业区草庵村,嘉定区草庵村
嘉定区嘉定工业区陆渡村,嘉定区陆渡村
嘉定区嘉定工业区黎明村,嘉定区黎明村
嘉定区嘉定镇街道李园一村,嘉定区李园一村
嘉定区嘉定镇街道李园二村,嘉定区李园二村
嘉定区嘉定镇街道桃园小区,嘉定区桃园小区
嘉定区嘉定镇街道桃园新村,嘉定区桃园新村
嘉定区外冈镇大陆村,嘉定区大陆村
嘉定区外冈镇甘柏村,嘉定区甘柏村
嘉定区安亭镇星光村,嘉定区星光村
嘉定区安亭镇泥岗村,嘉定区泥岗村
嘉定区安亭镇玉兰一村,嘉定区玉兰一村
嘉定区安亭镇老宅村,嘉定区老宅村
嘉定区安亭镇联群村,嘉定区联群村
嘉定区安亭镇联西村,嘉定区联西村
嘉定区安亭镇顾浦村,嘉定区顾浦村
嘉定区工业区中贸世纪,嘉定区中贸世纪
嘉定区徐行镇伏虎村,嘉定区伏虎村
嘉定区徐行镇和桥村,嘉定区和桥村
嘉定区徐行镇大石皮村,嘉定区大石皮村
嘉定区徐行镇徐行村,嘉定区徐行村
嘉定区徐行镇曹王村,嘉定区曹王村
嘉定区新成路街道迎园十坊,嘉定区迎园十坊

嘉定区江桥镇五四村,嘉定区五四村
嘉定区江桥镇恒嘉花园,嘉定区恒嘉花园
嘉定区江桥镇江桥一村,嘉定区江桥一村
嘉定区江桥镇高榆新村,嘉定区高榆新村
嘉定区江桥镇高潮村,嘉定区高潮村
嘉定区真新街道丰庄一村,嘉定区丰庄一村
嘉定区真新街道丰庄三队,嘉定区丰庄三队
嘉定区真新街道丰庄二村,嘉定区丰庄二村
嘉定区真新街道丰庄四村,嘉定区丰庄四村
嘉定区马陆镇仓场村,嘉定区仓场村
嘉定区马陆镇包桥村,嘉定区包桥村
嘉定区马陆镇大裕村,嘉定区大裕村
嘉定区马陆镇陈村村,嘉定区陈村村
奉贤区四团镇横桥村,奉贤区横桥村
奉贤区西渡街道南渡村,奉贤区南渡村
奉贤区青村镇人民路445弄,奉贤区青村人民路445弄

宝山区顾村镇盛宅村,宝山区盛宅村

普陀区中山北路平民后村,普陀区平民后村
松江区九亭镇庄家村,松江区庄家村
松江区泗泾镇泗凯路291弄,松江区泗凯路291弄
松江区石湖荡镇中心村,松江区中心村

浦东新区万祥镇万兴村万一,浦东新区万一村
浦东新区万祥镇万兴村万二,浦东新区万二村
浦东新区万祥镇万宏村万六,浦东新区万六村
浦东新区万祥镇新路村,浦东新区新路村
浦东新区三林镇三林村东林队东林街,浦东新区三林村东林队东林街
浦东新区三林镇三林村南行队金家宅,浦东新区三林村南行队金家宅
浦东新区三林镇三民村三林庙队老叶家宅,浦东新区三民村三林庙队老叶家宅
浦东新区三林镇东明村北张队北张家宅,浦东新区东明村北张队北张家宅
浦东新区三林镇东明村池河队养鸭滩,浦东新区东明村池河队养鸭滩
浦东新区三林镇中林村三林桥队三林桥,浦东新区中林村三林桥队三林桥
浦东新区三林镇中林村三林桥队天打桥,浦东新区中林村三林桥队天打桥
浦东新区三林镇中林村小中林队小中林,浦东新区中林村小中林队小中林
浦东新区三林镇临江村,浦东新区临江村
浦东新区三林镇临江村丁家队丁家宅,浦东新区临江村丁家队丁家宅
浦东新区三林镇临江村临江队王家渡,浦东新区临江村临江队王家渡
浦东新区三林镇临江村周北队周家宅,浦东新区临江村周北队周家宅
浦东新区三林镇临江村周南队周家宅,浦东新区临江村周南队周家宅
浦东新区三林镇临江村周南队庞信隆,浦东新区临江村周南队庞信隆
浦东新区三林镇临江村唐家宅,浦东新区临江村唐家宅
浦东新区三林镇临江村庞家队庞家宅,浦东新区临江村庞家队庞家宅
浦东新区三林镇临江村张塘队塘湾宅,浦东新区临江村张塘队塘湾宅
浦东新区三林镇临江村泰保队泰保堂,浦东新区临江村泰保队泰保堂
浦东新区三林镇临江村王家宅队王家宅,浦东新区临江村王家宅队王家宅
浦东新区三林镇临江村王家渡队王家渡,浦东新区临江村王家渡队王家渡
浦东新区三林镇临江村益民队小金家宅,浦东新区临江村益民队小金家宅
浦东新区三林镇临江村益民队罗汉松,浦东新区临江村益民队罗汉松
浦东新区三林镇临江村筠西队庞家宅,浦东新区临江村筠西队庞家宅
浦东新区三林镇临江村西新队石河圈,浦东新区临江村西新队石河圈
浦东新区三林镇南阜村东汤队东汤家宅,浦东新区南阜村东汤队东汤家宅
浦东新区三林镇南阜村东汤队周家宅,浦东新区南阜村东汤队周家宅
浦东新区三林镇南阜村九思队九思堂,浦东新区南阜村九思队九思堂
浦东新区三林镇南阜村曹家队蚌壳滩,浦东新区南阜村曹家队蚌壳滩
浦东新区三林镇南阜村红光队南孙家宅,浦东新区南阜村红光队南孙家宅
浦东新区三林镇南阜村红光队顾家宅,浦东新区南阜村红光队顾家宅
浦东新区三林镇南阜村高树队北孙家宅,浦东新区南阜村高树队北孙家宅
浦东新区三林镇南阜村高树队西汤家宅,浦东新区三林镇高树队西汤家宅,浦东新区南阜村高树队西汤家宅
浦东新区三林镇同济村果园队果园,浦东新区同济村果园队果园

浦东新区三林镇天花庵村东瞿队大瞿家宅,浦东新区天花庵村东瞿队大瞿家宅
浦东新区三林镇天花庵村乐耕队,浦东新区天花庵村乐耕队
浦东新区三林镇天花庵村南周家队大周家宅,浦东新区天花庵村南周家队大周家宅
浦东新区三林镇天花庵村南王家队南王家宅,浦东新区天花庵村南王家队南王家宅
浦东新区三林镇天花庵村卫家队,浦东新区天花庵村卫家队
浦东新区三林镇天花庵村芦家队芦家油车,浦东新区天花庵村芦家队芦家油车
浦东新区三林镇天花庵村西瞿队大瞿家宅,浦东新区天花庵村西瞿队大瞿家宅
浦东新区三林镇天花庵村闵东队闵家宅,浦东新区天花庵村闵东队闵家宅
浦东新区三林镇天花庵村闵北队闵家宅,浦东新区天花庵村闵北队闵家宅
浦东新区三林镇天花庵村闵西队闵家宅,浦东新区天花庵村闵西队闵家宅
浦东新区三林镇懿德村吴家队吴家宅,浦东新区懿德村吴家队吴家宅
浦东新区三林镇懿德村小陈家队小陈家宅,浦东新区懿德村小陈家队小陈家宅
浦东新区三林镇懿德村康家队康家宅,浦东新区懿德村康家队康家宅
浦东新区三林镇懿德村钱家队钱家宅,浦东新区懿德村钱家队钱家宅
浦东新区三林镇新任村,浦东新区新任村

浦东新区三林镇红旗村东桥队毛家塘,浦东新区红旗村东桥队毛家塘
浦东新区三林镇红旗村姜胡宅队江湖宅,浦东新区红旗村姜胡宅队江湖宅
浦东新区三林镇红旗村李家队李家油车,浦东新区红旗村李家队李家油车
浦东新区三林镇联丰村八字队东八字桥,浦东新区联丰村八字队东八字桥
浦东新区三林镇联丰村南沈队沈家墙,浦东新区联丰村南沈队沈家墙
浦东新区三林镇联丰村徐隆昌队徐隆昌,浦东新区联丰村徐隆昌队徐隆昌
浦东新区三林镇胡巷村东朱家宅,浦东新区胡巷村东朱家宅
浦东新区三林镇胡巷村吴家宅,浦东新区胡巷村吴家宅
浦东新区三林镇胡巷村孙家宅,浦东新区胡巷村孙家宅
浦东新区三林镇胡巷村张家宅,浦东新区胡巷村张家宅
浦东新区三林镇胡巷村荡沟,浦东新区胡巷村荡沟
浦东新区三林镇胡巷村金家宅,浦东新区胡巷村金家宅
浦东新区三林镇胡巷村陈家宅,浦东新区胡巷村陈家宅
浦东新区三林镇胡巷村马家宅,浦东新区胡巷村马家宅
浦东新区三林镇西林村万家队奚家宅,浦东新区西林村万家队奚家宅
浦东新区三林镇西林村万家队西林街,浦东新区西林村万家队西林街
浦东新区三林镇西林村任桥队西林街,浦东新区西林村任桥队西林街
浦东新区三林镇西林村圈门队叶家宅,浦东新区西林村圈门队叶家宅
浦东新区三林镇西林村圈门队王家沙,浦东新区西林村圈门队王家沙
浦东新区三林镇西林村圈门队西林街,浦东新区西林村圈门队西林街
浦东新区三林镇西林村洪家队洪家新宅,浦东新区西林村洪家队洪家新宅
浦东新区三林镇西林村洪家队西林街,浦东新区西林村洪家队西林街
浦东新区三林镇西林村西林队西林街,浦东新区西林村西林队西林街
浦东新区三林镇西林村西林队金家宅,浦东新区西林村西林队金家宅
浦东新区三林镇金光村陆家湾队陆家湾,浦东新区金光村陆家湾队陆家湾
浦东新区上川路东田市场,浦东新区东田市场

浦东新区书院镇中久村中南,浦东新区中南村
浦东新区书院镇余姚村,浦东新区余姚村
浦东新区书院镇塘北村,浦东新区塘北村
浦东新区书院镇外灶村,浦东新区外灶村
浦东新区书院镇新北村,浦东新区新北村
浦东新区书院镇洼港村,浦东新区洼港村
浦东新区书院镇黄华村,浦东新区黄华村

浦东新区凌桥村赵家浜,浦东新区赵家浜
浦东新区凌桥村顾家圩杨家宅,浦东新区顾家圩杨家宅
浦东新区前进村唐家新村,浦东新区唐家新村

浦东新区北蔡镇一六村油车队,浦东新区一六村油车队
浦东新区北蔡镇一六村船舫队,浦东新区一六村船舫队
浦东新区北蔡镇一六村赵家队南赵家宅,浦东新区一六村赵家队南赵家宅
浦东新区北蔡镇一六村金桥队南赵家宅,浦东新区一六村金桥队南赵家宅
浦东新区北蔡镇中界村复兴队苏家宅,浦东新区中界村复兴队苏家宅
浦东新区北蔡镇中界村复兴队陈家宅,浦东新区中界村复兴队陈家宅
浦东新区北蔡镇中界村复兴队顾家宅,浦东新区中界村复兴队顾家宅
浦东新区北蔡镇中界村季家队季家宅,浦东新区中界村季家队季家宅
浦东新区北蔡镇中界村林家湾,浦东新区林家湾
浦东新区北蔡镇中界村林家队中界庙,浦东新区中界村林家队中界庙
浦东新区北蔡镇中界村林家队苏家宅,浦东新区中界村林家队苏家宅
浦东新区北蔡镇中界村沈家队姚家宅,浦东新区中界村沈家队姚家宅
浦东新区北蔡镇中界村沈家队沈家宅,浦东新区中界村沈家队沈家宅
浦东新区北蔡镇中界村沈家队黄家宅,浦东新区中界村沈家队黄家宅
浦东新区北蔡镇中界村秦家宅,浦东新区中界村秦家宅
浦东新区北蔡镇中界村苏家队周家宅,浦东新区中界村苏家队周家宅
浦东新区北蔡镇中界村苏家队苏家宅,浦东新区中界村苏家队苏家宅
浦东新区北蔡镇中界村陆家队陆家宅,浦东新区中界村陆家队陆家宅
浦东新区北蔡镇中界村陈家队陈家宅,浦东新区中界村陈家队陈家宅
浦东新区北蔡镇中界村黄家队孔家圈,浦东新区中界村黄家队孔家圈
浦东新区北蔡镇五星村三联队黄家宅,浦东新区五星村三联队黄家宅
浦东新区北蔡镇五星村东平队秦家宅,浦东新区五星村东平队秦家宅
浦东新区北蔡镇五星村家务队顾家宅,浦东新区五星村家务队顾家宅
浦东新区北蔡镇五星村徐家队奚家宅,浦东新区五星村徐家队奚家宅
浦东新区北蔡镇五星村徐家队顾家宅,浦东新区五星村徐家队顾家宅
浦东新区北蔡镇五星村陈家队奚家宅,浦东新区五星村陈家队奚家宅
浦东新区北蔡镇五星村陈家队陈家宅,浦东新区五星村陈家队陈家宅
浦东新区北蔡镇五星村吴家队吴家宅,浦东新区五星村吴家队吴家宅
浦东新区北蔡镇北蔡村丁家宅,浦东新区北蔡村丁家宅
浦东新区北蔡镇北蔡村周家宅,浦东新区北蔡村周家宅
浦东新区北蔡镇南新村东钟家宅,浦东新区南新村东钟家宅
浦东新区北蔡镇南新村杨家湾,浦东新区南新村杨家湾
浦东新区北蔡镇南新村西钟家宅,浦东新区南新村西钟家宅,浦东新区南村西钟家宅
浦东新区北蔡镇南新村赵家厍,浦东新区南新村赵家厍,浦东新区赵家厍
浦东新区北蔡镇卫行村,浦东新区卫行村
浦东新区北蔡镇卫行村张家队张家宅,浦东新区卫行村张家队张家宅
浦东新区北蔡镇卫行村张浜队南顾家宅,浦东新区卫行村张浜队南顾家宅
浦东新区北蔡镇卫行村张浜队曹家宅,浦东新区卫行村张浜队曹家宅
浦东新区北蔡镇卫行村张浜队杨家宅,浦东新区卫行村张浜队杨家宅
浦东新区北蔡镇卫行村张浜队王家宅,浦东新区卫行村张浜队王家宅
浦东新区北蔡镇卫行村张浜队顾家宅,浦东新区卫行村张浜队顾家宅
浦东新区北蔡镇卫行村朱家队朱家宅,浦东新区卫行村朱家队朱家宅
浦东新区北蔡镇卫行村沈家队沈家宅,浦东新区卫行村沈家队沈家宅
浦东新区北蔡镇卫行村顾家队张家宅,浦东新区卫行村顾家队张家宅
浦东新区北蔡镇御桥村印家队东印家圈,浦东新区御桥村印家队东印家圈
浦东新区北蔡镇御桥村姚家队姚家宅,浦东新区御桥村姚家队姚家宅
浦东新区北蔡镇杨桥村蒋家队北季家宅,浦东新区杨桥村蒋家队北季家宅
浦东新区北蔡镇杨桥村西计队金家宅,浦东新区杨桥村西计队金家宅
浦东新区北蔡镇杨桥村郑家队郑家宅,浦东新区杨桥村郑家队郑家宅
浦东新区北蔡镇杨莲路张家宅,浦东新区杨莲路张家宅
浦东新区北蔡镇杨莲路李家宅,浦东新区杨莲路李家宅
浦东新区北蔡镇潘姚村西刘队刘家宅,浦东新区潘姚村西刘队刘家宅
浦东新区北蔡镇联勤村冯桥队冯家宅,浦东新区联勤村冯桥队冯家宅
浦东新区北蔡镇联勤村冯桥队张家宅,浦东新区联勤村冯桥队张家宅
浦东新区北蔡镇联勤村张家队陈家宅,浦东新区联勤村张家队陈家宅
浦东新区北蔡镇联勤村李家队李家宅,浦东新区联勤村李家队李家宅
浦东新区北蔡镇联勤村麦家宅,浦东新区联勤村麦家宅
浦东新区北蔡镇联勤村麦家队麦家宅,浦东新区联勤村麦家队麦家宅

浦东新区南汇新城镇庙港村,浦东新区庙港村
浦东新区合庆镇东风村曹家宅,浦东新区东风村曹家宅
浦东新区合庆镇东风村潘家宅,浦东新区东风村潘家宅
浦东新区合庆镇共一村包家宅,浦东新区共一村包家宅,浦东新区合庆镇包家宅
浦东新区合庆镇共一村张家宅,浦东新区共一村张家宅
浦东新区合庆镇前哨村包家宅,浦东新区前哨村包家宅
浦东新区合庆镇前哨村顾家宅,浦东新区前哨村顾家宅
浦东新区合庆镇前哨村马家宅,浦东新区前哨村马家宅
浦东新区合庆镇勤俭村北杨家宅,浦东新区勤俭村北杨家宅
浦东新区合庆镇勤奋村九队新村,浦东新区勤奋村九队新村
浦东新区合庆镇勤奋村卫家宅,浦东新区勤奋村卫家宅
浦东新区合庆镇勤奋村张家宅,浦东新区勤奋村张家宅
浦东新区合庆镇勤奋村徐家宅,浦东新区勤奋村徐家宅
浦东新区合庆镇勤奋村陈家宅,浦东新区勤奋村陈家宅

浦东新区合庆镇勤奋村黄家宅,浦东新区勤奋村黄家宅
浦东新区合庆镇勤益村东张家宅,浦东新区勤益村东张家宅
浦东新区合庆镇勤益村刘家宅,浦东新区勤益村刘家宅
浦东新区合庆镇勤益村南顾家宅,浦东新区勤益村南顾家宅
浦东新区合庆镇勤益村西张家宅,浦东新区勤益村西张家宅
浦东新区合庆镇勤益村陆家宅,浦东新区勤益村陆家宅
浦东新区合庆镇华星村东宋家宅,浦东新区华星村东宋家宅
浦东新区合庆镇友谊村东钱家宅,浦东新区友谊村东钱家宅
浦东新区合庆镇向东村唐家宅,浦东新区向东村唐家宅
浦东新区合庆镇向东村张家宅,浦东新区向东村张家宅
浦东新区合庆镇向东村顾家宅,浦东新区向东村顾家宅
浦东新区合庆镇向东村马家宅,浦东新区向东村马家宅
浦东新区合庆镇向东村黄家宅,浦东新区向东村黄家宅
浦东新区合庆镇大星村尹家宅,浦东新区大星村尹家宅
浦东新区合庆镇大星村张家宅,浦东新区大星村张家宅
浦东新区合庆镇大星村顾家宅,浦东新区大星村顾家宅
浦东新区合庆镇奚家村,浦东新区奚家村
浦东新区合庆镇庆星村,浦东新区庆星村
浦东新区合庆镇庆星村张家宅,浦东新区庆星村张家宅
浦东新区合庆镇庆星村徐家宅,浦东新区庆星村徐家宅
浦东新区合庆镇庆星村薛家宅,浦东新区庆星村薛家宅
浦东新区合庆镇庆星村西圈夏家宅,浦东新区合庆庆星村西圈夏家宅,浦东新区庆星村西圈夏家宅
浦东新区合庆镇庆星村顾家宅,浦东新区庆星村顾家宅
浦东新区合庆镇建光村倪家宅,浦东新区建光村倪家宅
浦东新区合庆镇朝阳村丁家宅,浦东新区朝阳村丁家宅
浦东新区合庆镇永丰村陈家宅,浦东新区永丰村陈家宅
浦东新区合庆镇永红村丁家宅,浦东新区永红村丁家宅

浦东新区合庆镇永红村秦家宅,浦东新区永红村秦家宅
浦东新区合庆镇永红村薛家宅,浦东新区永红村薛家宅
浦东新区合庆镇海塘村小蔡家宅,浦东新区海塘村小蔡家宅
浦东新区合庆镇海塘村顾家宅,浦东新区海塘村顾家宅
浦东新区合庆镇益民村三村宅,浦东新区益民村三村宅
浦东新区合庆镇益民村老周家宅,浦东新区益民村老周家宅
浦东新区合庆镇益民村西周家宅,浦东新区益民村西周家宅
浦东新区合庆镇直属村凌北宅,浦东新区直属村凌北宅
浦东新区合庆镇直属村太平宅,浦东新区直属村太平宅
浦东新区合庆镇红星村姚家宅,浦东新区红星村姚家宅
浦东新区合庆镇营房村青晏二宅,浦东新区营房村青晏二宅
浦东新区合庆镇蔡路村东蔡家宅,浦东新区蔡路村东蔡家宅
浦东新区合庆镇蔡路村包家宅,浦东新区蔡路村包家宅
浦东新区合庆镇蔡路村北丁家宅,浦东新区蔡路村北丁家宅
浦东新区合庆镇蔡路村南丁家宅,浦东新区蔡路村南丁家宅
浦东新区合庆镇蔡路村杨家宅,浦东新区蔡路村杨家宅
浦东新区合庆镇蔡路村西蔡家宅,浦东新区蔡路村西蔡家宅
浦东新区合庆镇蔡路村赵家宅,浦东新区蔡路村赵家宅
浦东新区合庆镇跃丰村,浦东新区跃丰村
浦东新区合庆镇跃丰村徐家宅,浦东新区跃丰村徐家宅
浦东新区合庆镇跃丰村金家宅,浦东新区跃丰村金家宅
浦东新区合庆镇跃进新村,浦东新区跃进新村
浦东新区合庆镇跃进村东石家宅,浦东新区跃进村东石家宅
浦东新区合庆镇跃进村新宅,浦东新区跃进村新宅
浦东新区合庆镇跃进村西石家宅,浦东新区跃进村西石家宅
浦东新区合庆镇青三村二村宅,浦东新区青三村二村宅
浦东新区合庆镇青四村南邬家宅,浦东新区青四村南邬家宅
浦东新区合庆镇青四村龚家宅,浦东新区青四村龚家宅
浦东新区周埠村洪波村,浦东新区洪波村
浦东新区周浦镇东八灶,浦东新区东八灶
浦东新区周浦镇北庄村,浦东新区北庄村

浦东新区周浦镇周南村,浦东新区周南村
浦东新区周浦镇姚桥村,浦东新区姚桥村
浦东新区周浦镇梅林村,浦东新区梅林村
浦东新区周浦镇民治村,浦东新区民治村
浦东新区周浦镇沈西村,浦东新区沈西村

浦东新区周浦镇牛桥村,浦东新区牛桥村
浦东新区周浦镇瓦南村,浦东新区瓦南村
浦东新区周浦镇界浜村,浦东新区界浜村

浦东新区周浦镇红桥村,浦东新区红桥村

浦东新区周浦镇里仁村,浦东新区里仁村
浦东新区周浦镇陆弄村,浦东新区陆弄村
浦东新区唐镇一心村宋家宅,浦东新区一心村宋家宅
浦东新区唐镇一心村徐家宅,浦东新区一心村徐家宅
浦东新区唐镇一心村朱家宅,浦东新区一心村朱家宅
浦东新区唐镇一心村缪家宅,浦东新区一心村缪家宅
浦东新区唐镇一心村西宋家宅,浦东新区一心村西宋家宅
浦东新区唐镇一心村顾家宅,浦东新区一心村顾家宅
浦东新区唐镇前进村南李家宅,浦东新区前进村南李家宅
浦东新区唐镇前进村唐家新村,浦东新区前进村唐家新村
浦东新区唐镇前进村墙圈西宅,浦东新区前进村墙圈西宅
浦东新区唐镇前进村红旗新村,浦东新区前进村红旗新村
浦东新区唐镇前进村龚家宅,浦东新区前进村龚家宅
浦东新区唐镇前进村,浦东新区前进村
浦东新区唐镇吕三村三林新村,浦东新区吕三村三林新村
浦东新区唐镇吕三村百胜新村,浦东新区吕三村百胜新村
浦东新区唐镇唐四村丁家南宅,浦东新区唐四村丁家南宅
浦东新区唐镇唐四村丁费南宅,浦东新区唐四村丁费南宅
浦东新区唐镇唐四村孙家新村,浦东新区唐四村孙家新村
浦东新区唐镇唐四村费家宅,浦东新区唐四村费家宅,浦东新区唐镇费家宅
浦东新区唐镇唐四村黄家东宅,浦东新区唐四村黄家东宅
浦东新区唐镇唐四村龚家宅,浦东新区唐四村龚家宅
浦东新区唐镇唐镇村赵家宅,浦东新区唐镇村赵家宅
浦东新区唐镇大众村中心宅,浦东新区大众村中心宅
浦东新区唐镇大众村中心新村,浦东新区大众村中心新村
浦东新区唐镇大众村包家宅,浦东新区唐镇包家宅
浦东新区唐镇大众村小包新村,浦东新区大众村小包新村
浦东新区唐镇大众村朱家宅,浦东新区大众村朱家宅
浦东新区唐镇大众村沈家宅,浦东新区大众村沈家宅
浦东新区唐镇大众村立新新村,浦东新区大众村立新新村
浦东新区唐镇大众村西沟圈,浦东新区大众村西沟圈
浦东新区唐镇大众村陆家木行,浦东新区大众村陆家木行
浦东新区唐镇小湾村东张家宅,浦东新区小湾村东张家宅
浦东新区唐镇小湾村北张家宅,浦东新区小湾村北张家宅
浦东新区唐镇小湾村唐家宅,浦东新区小湾村唐家宅
浦东新区唐镇小湾村大张家宅,浦东新区小湾村大张家宅
浦东新区唐镇小湾村奚家宅,浦东新区小湾村奚家宅
浦东新区唐镇小湾村小湾新村,浦东新区小湾新村,浦东新区小湾村小湾新宅
浦东新区唐镇小湾村张家宅,浦东新区小湾村张家宅
浦东新区唐镇小湾村新村宅,浦东新区小湾村新村宅
浦东新区唐镇小湾村第二新村,浦东新区小湾村第二新村
浦东新区唐镇小湾村顾家宅,浦东新区小湾村顾家宅
浦东新区唐镇新虹村东包家宅,浦东新区新虹村东包家宅
浦东新区唐镇新虹村刘家宅,浦东新区新虹村刘家宅
浦东新区唐镇新虹村瞿家宅,浦东新区新虹村瞿家宅
浦东新区唐镇新虹村缪家宅,浦东新区新虹村缪家宅
浦东新区唐镇新虹村赵家宅,浦东新区新虹村赵家宅
浦东新区唐镇新虹村陆家宅,浦东新区新虹村陆家宅
浦东新区唐镇新镇村谢家宅,浦东新区新镇村谢家宅

浦东新区唐镇暮二村小丁家宅,浦东新区暮二村小丁家宅
浦东新区唐镇暮二村曹家宅,浦东新区暮二村曹家宅
浦东新区唐镇暮二村顾家宅,浦东新区暮二村顾家宅
浦东新区唐镇机口村北费家宅,浦东新区机口村北费家宅
浦东新区唐镇机口村杨家宅,浦东新区机口村杨家宅
浦东新区唐镇民丰村东龚家宅,浦东新区民丰村东龚家宅
浦东新区唐镇民丰村李家宅,浦东新区民丰村李家宅
浦东新区唐镇民丰村江北宅,浦东新区民丰村江北宅
浦东新区唐镇民丰村陆家宅,浦东新区民丰村陆家宅
浦东新区唐镇民丰村顾家宅,浦东新区民丰村顾家宅
浦东新区唐镇民丰村龚家宅,浦东新区民丰村龚家宅
浦东新区唐镇虹一村奚家宅,浦东新区虹一村奚家宅
浦东新区唐镇虹三村唐家宅,浦东新区虹三村唐家宅
浦东新区唐镇虹三村沈家宅,浦东新区虹三村沈家宅
浦东新区唐镇虹三村顾家宅,浦东新区虹三村顾家宅
浦东新区唐镇虹三村龚家宅,浦东新区虹三村龚家宅
浦东新区唐镇虹二村,浦东新区虹二村
浦东新区唐镇虹二村朱家宅,浦东新区虹二村朱家宅
浦东新区唐镇虹二村盛家宅,浦东新区虹二村盛家宅
浦东新区唐镇虹二村龚家宅,浦东新区虹二村龚家宅

浦东新区唐镇虹四村吴张家宅,浦东新区虹四村吴张家宅

浦东新区大团镇周埠村,浦东新区周埠村

浦东新区大团镇团西村,浦东新区团西村

浦东新区大团镇扶栏村,浦东新区扶栏村

浦东新区大团镇海潮村,浦东新区海潮村
浦东新区大团镇海潮村沙庙,浦东新区沙庙村

浦东新区大团镇董村村,浦东新区董村村
浦东新区大团镇赵桥村柴场,浦东新区赵桥村柴场

浦东新区大团镇金园村金陵,浦东新区金陵村
浦东新区大团镇金石村,浦东新区金石村

浦东新区宣桥镇三灶村,浦东新区三灶村
浦东新区宣桥镇光辉村,浦东新区光辉村
浦东新区宣桥镇季桥村,浦东新区季桥村

浦东新区宣桥镇宣桥村,浦东新区宣桥村

浦东新区宣桥镇胡桥村,浦东新区胡桥村
浦东新区宣桥镇腰路村,浦东新区腰路村
浦东新区宣桥镇腰路村丰乐,浦东新区丰乐村
浦东新区川沙新镇七灶村,浦东新区七灶村
浦东新区川沙新镇八灶村周家宅,浦东新区八灶村周家宅
浦东新区川沙新镇八灶村康家宅,浦东新区八灶村康家宅
浦东新区川沙新镇八灶村张家宅,浦东新区八灶村张家宅
浦东新区川沙新镇八灶村郭家宅,浦东新区八灶村郭家宅
浦东新区川沙新镇华路村瞿家宅,浦东新区华路村瞿家宅
浦东新区川沙新镇吴店村东乔家宅,浦东新区吴店村东乔家宅
浦东新区川沙新镇吴店村西乔家宅,浦东新区吴店村西乔家宅
浦东新区川沙新镇吴店村郭家宅,浦东新区吴店村郭家宅
浦东新区川沙新镇和平村朱家宅,浦东新区和平村朱家宅
浦东新区川沙新镇和平村杨家宅,浦东新区和平村杨家宅
浦东新区川沙新镇城南村,浦东新区城南村
浦东新区川沙新镇城南村朱家宅,浦东新区城南村朱家宅

浦东新区川沙新镇太平村高家宅,浦东新区太平村高家宅
浦东新区川沙新镇新春村徐家宅,浦东新区新春村徐家宅
浦东新区川沙新镇新春村黄家宅,浦东新区新春村黄家宅
浦东新区川沙新镇柴场村,浦东新区柴场村
浦东新区川沙新镇栏杆村周家宅,浦东新区栏杆村周家宅
浦东新区川沙新镇栏杆村奚家宅,浦东新区栏杆村奚家宅
浦东新区川沙新镇栏杆村姚家圈,浦东新区栏杆村姚家圈
浦东新区川沙新镇栏杆村潘家宅,浦东新区栏杆村潘家宅
浦东新区川沙新镇民利村周庄家宅,浦东新区民利村周庄家宅
浦东新区川沙新镇牌楼村北祝家宅,浦东新区牌楼村北祝家宅
浦东新区川沙新镇界龙村华家宅,浦东新区界龙村华家宅
浦东新区川沙新镇界龙村大顾家宅,浦东新区界龙村大顾家宅
浦东新区川沙新镇界龙村孙家宅,浦东新区界龙村孙家宅
浦东新区川沙新镇药师村,浦东新区药师村
浦东新区川沙新镇药师村周家宅,浦东新区药师村周家宅
浦东新区川沙新镇药师村曹家宅,浦东新区药师村曹家宅
浦东新区川沙新镇虹桥村南朱家宅,浦东新区虹桥村南朱家宅

浦东新区川沙新镇长丰村杨家宅,浦东新区长丰村杨家宅
浦东新区川沙新镇长丰村陆家宅,浦东新区长丰村陆家宅
浦东新区川沙新镇长桥村龚家宅,浦东新区长桥村龚家宅
浦东新区川沙新镇陈行村东陈家宅,浦东新区陈行村东陈家宅
浦东新区川沙新镇陈行村张家宅,浦东新区陈行村张家宅
浦东新区川沙新镇陈行村金家宅,浦东新区陈行村金家宅
浦东新区川沙新镇高桥村钱家宅,浦东新区高桥村钱家宅
浦东新区川沙新镇高桥村项家宅,浦东新区高桥村项家宅
浦东新区川沙新镇鹿溪村,浦东新区鹿溪村
浦东新区川沙新镇鹿溪村砖桥,浦东新区鹿溪村砖桥
浦东新区川沙新镇黄楼村南华家宅,浦东新区黄楼村南华家宅
浦东新区川沙新镇黄楼村姚家宅,浦东新区黄楼村姚家宅
浦东新区川沙新镇黄楼村张家宅,浦东新区黄楼村张家宅
浦东新区川沙镇姚家宅,浦东新区姚家宅
浦东新区巨野路大陆家宅,浦东新区大陆家宅

浦东新区康桥镇人南村,浦东新区人南村
浦东新区康桥镇叠桥村,浦东新区叠桥村
浦东新区康桥镇怡园村,浦东新区怡园村
浦东新区康桥镇新苗村,浦东新区新苗村
浦东新区康桥镇汤巷村,浦东新区汤巷村
浦东新区康桥镇沿北村,浦东新区沿北村
浦东新区康桥镇火箭村,浦东新区火箭村
浦东新区康桥镇百龙新村,浦东新区百龙新村
浦东新区康桥镇石门村,浦东新区石门村
浦东新区康桥镇秀龙村,浦东新区秀龙村
浦东新区康桥镇花墙村,浦东新区花墙村
浦东新区康桥镇营房村,浦东新区营房村
浦东新区康桥镇高西村,浦东新区高西村
浦东新区张江镇中心村吴家宅,浦东新区中心村吴家宅,浦东新区张江镇吴家宅
浦东新区张江镇中心村周家圈宅,浦东新区中心村周家圈,浦东新区中心村周家圈宅
浦东新区张江镇中心村蔡家圈宅,浦东新区中心村蔡家圈宅

浦东新区张江镇劳动村孙家宅,浦东新区劳动村孙家宅
浦东新区张江镇劳动村沈家宅,浦东新区劳动村沈家宅
浦东新区张江镇劳动村看鸟浜宅,浦东新区劳动村看鸟浜宅
浦东新区张江镇劳动村西孙家宅,浦东新区劳动村西孙家宅
浦东新区张江镇劳动村郑家宅,浦东新区劳动村郑家宅
浦东新区张江镇新丰村薛家宅,浦东新区新丰村薛家宅
浦东新区张江镇新丰村龚家宅,浦东新区新丰村龚家宅
浦东新区张江镇沔北村曹家宅,浦东新区沔北村曹家宅
浦东新区张江镇沔北村朱家宅,浦东新区沔北村朱家宅
浦东新区张江镇沔北村诸家宅,浦东新区沔北村诸家宅
浦东新区张江镇沔北村顾家宅,浦东新区沔北村顾家宅
浦东新区张江镇环东中心村四灶姚家宅,浦东新区环东中心村四灶姚家宅,浦东新区环东中心村姚家宅
浦东新区张江镇环东中心村桥弄天主堂宅,浦东新区环东中心村桥弄天主堂宅,浦东新区环东中心村天主堂宅
浦东新区张江镇环东中心村桥弄顾家宅,浦东新区环东中心村顾家宅
浦东新区张江镇环东中心村桥弄金家宅,浦东新区环东中心村金家宅
浦东新区张江镇环东中心村桥弄严家宅,浦东新区环东中心村严家宅
浦东新区张江镇钱堂村立达宅,浦东新区钱堂村立达宅

浦东新区张江镇长元村曹家宅,浦东新区长元村曹家宅
浦东新区张江镇韩荡村南曹家宅,浦东新区韩荡村南曹家宅
浦东新区张江镇韩荡村汤家宅,浦东新区韩荡村汤家宅
浦东新区张江镇韩荡村西丁家宅,浦东新区韩荡村西丁家宅
浦东新区张江镇韩荡村顾家宅,浦东新区韩荡村顾家宅
浦东新区惠南镇勤丰村,浦东新区勤丰村

浦东新区惠南镇双店村邬店,浦东新区邬店村
浦东新区惠南镇城北村,浦东新区城北村

浦东新区惠南镇幸福村,浦东新区幸福村
浦东新区惠南镇徐庙村,浦东新区徐庙村
浦东新区惠南镇惠东村,浦东新区惠东村

浦东新区惠南镇永乐村,浦东新区永乐村
浦东新区惠南镇汇南村,浦东新区汇南村
浦东新区惠南镇英雄村,浦东新区英雄村
浦东新区惠南镇西门村,浦东新区西门村

浦东新区惠南镇陆楼村,浦东新区陆楼村
浦东新区惠南镇黄路村,浦东新区黄路村
浦东新区惠南镇友谊村,浦东新区友谊村
浦东新区惠南镇富强村,浦东新区富强村

浦东新区新场镇仁义村,浦东新区仁义村
浦东新区新场镇众安村,浦东新区众安村
浦东新区新场镇坦东村连南,浦东新区连南村
浦东新区新场镇坦南村,浦东新区坦南村
浦东新区新场镇坦西村,浦东新区坦西村
浦东新区新场镇坦西村坦北,浦东新区坦北村
浦东新区新场镇新卫村,浦东新区新卫村
浦东新区新场镇新西村,浦东新区新西村
浦东新区新场镇祝桥村,浦东新区祝桥村
浦东新区新场镇蒋桥村,浦东新区蒋桥村
浦东新区新场镇金建村,浦东新区金建村

浦东新区曹路镇东海村小梁山,浦东新区东海村小梁山
浦东新区曹路镇东海村张家宅,浦东新区东海村张家宅
浦东新区曹路镇东海村曹家宅,浦东新区东海村曹家宅
浦东新区曹路镇东海村胡家宅,浦东新区东海村胡家宅

浦东新区曹路镇五四村唐朱家宅,浦东新区五四村唐朱家宅
浦东新区曹路镇五四村沈孙家宅,浦东新区五四村沈孙家宅
浦东新区曹路镇五四村沈家宅,浦东新区五四村沈家宅
浦东新区曹路镇五四村紫石桥,浦东新区五四村紫石桥宅
浦东新区曹路镇众三村南俞家圈,浦东新区众三村南俞家圈
浦东新区曹路镇众三村顾家宅,浦东新区众三村顾家宅
浦东新区曹路镇光明村,浦东新区光明村
浦东新区曹路镇光明村凌家圈,浦东新区光明村凌家圈
浦东新区曹路镇光明村双盘宅,浦东新区光明村双盘宅

浦东新区曹路镇光明村沙桥宅,浦东新区光明村沙桥宅,浦东新区曹路镇沙桥宅
浦东新区曹路镇光耀村姚湾宅,浦东新区光耀村姚湾宅
浦东新区曹路镇光耀村小蔡家宅,浦东新区光耀村小蔡家宅
浦东新区曹路镇前锋村夹路村宅,浦东新区前锋村夹路村宅
浦东新区曹路镇前锋村曹黄村,浦东新区曹黄村
浦东新区曹路镇前锋村杨张村宅,浦东新区前锋村杨张村宅
浦东新区曹路镇前锋村陆家宅,浦东新区前锋村陆家宅
浦东新区曹路镇启明村龙王庙,浦东新区启明村龙王庙

浦东新区曹路镇安基村,浦东新区安基村
浦东新区曹路镇安基村朱家宅,浦东新区安基村朱家宅
浦东新区曹路镇建新村叶家宅,浦东新区建新村叶家宅
浦东新区曹路镇建新村周家宅,浦东新区建新村周家宅

浦东新区曹路镇新光村姜薛家宅,浦东新区姜薛家宅,浦东新区新光村姜薛家宅,浦东新区曹路镇姜薛家宅
浦东新区曹路镇新光村杨家圈,浦东新区新光村杨家圈
浦东新区曹路镇新光村沈家旗杆,浦东新区新光村沈家旗杆
浦东新区曹路镇新光村陆家宅,浦东新区新光村陆家宅
浦东新区曹路镇新华村强顾家宅,浦东新区新华村强顾家宅
浦东新区曹路镇新华村新宅,浦东新区新华村新宅
浦东新区曹路镇新华村薛家巷,浦东新区新华村薛家巷
浦东新区曹路镇新华村薛家行,浦东新区新华村薛家行
浦东新区曹路镇新星村胡家宅,浦东新区新星村胡家宅
浦东新区曹路镇新星村黄家圈,浦东新区新星村黄家圈
浦东新区曹路镇日新村北万家宅,浦东新区日新村北万家宅
浦东新区曹路镇日新村南万家宅,浦东新区日新村南万家宅
浦东新区曹路镇日新村南房宅,浦东新区日新村南房宅
浦东新区曹路镇日新村杨薛家宅,浦东新区曹路镇杨薛家宅

浦东新区曹路镇星火村陆家宅,浦东新区星火村陆家宅,浦东新区曹路镇星火村陆家村,浦东新区曹路镇星火村陆家村宅,浦东新区星火村陆家村宅

浦东新区曹路镇民众村运河西,浦东新区民众村运河西
浦东新区曹路镇民建村北邵家宅,浦东新区曹路民建村北邵家宅,浦东新区民建村北邵家宅
浦东新区曹路镇民建村南邵家宅,浦东新区民建村南邵家宅
浦东新区曹路镇民建村徐家宅,浦东新区民建村徐家宅
浦东新区曹路镇民建村曹家宅,浦东新区民建村曹家宅
浦东新区曹路镇永丰村大徐家宅,浦东新区永丰村大徐家宅
浦东新区曹路镇永丰村孙家宅,浦东新区永丰村孙家宅

浦东新区曹路镇永乐村东邵家弄,浦东新区永乐村东邵家弄
浦东新区曹路镇永乐村新宅,浦东新区永乐村新宅
浦东新区曹路镇永乐村曹家油车,浦东新区曹家油车,浦东新区永乐村曹家油车
浦东新区曹路镇永乐村西邵家弄,浦东新区永乐村西邵家弄
浦东新区曹路镇永利村冯家宅,浦东新区永利村冯家宅
浦东新区曹路镇永利村徐家宅,浦东新区永利村徐家宅
浦东新区曹路镇永利村马家宅,浦东新区永利村马家宅
浦东新区曹路镇永和村陆万村,浦东新区陆万村

浦东新区曹路镇罗家村,浦东新区罗家村
浦东新区曹路镇群乐村付家圈,浦东新区群乐村付家圈
浦东新区曹路镇群乐村南冯家宅,浦东新区群乐村南冯家宅
浦东新区曹路镇群乐村张家宅,浦东新区群乐村张家宅
浦东新区曹路镇联合村北浜宅,浦东新区联合村北浜宅
浦东新区曹路镇联合村南浜宅,浦东新区联合村南浜宅
浦东新区曹路镇联合村西柴场,浦东新区联合村西柴场
浦东新区曹路镇联合村西浜宅,浦东新区联合村西浜宅
浦东新区曹路镇迅建村季家宅,浦东新区迅建村季家宅
浦东新区曹路镇迅建村撑圩村,浦东新区撑圩村,浦东新区曹路镇撑圩村,浦东新区迅建村撑圩村
浦东新区曹路镇迅建村葛家宅,浦东新区迅建村葛家宅
浦东新区曹路镇迅建村蔡家宅,浦东新区迅建村蔡家宅
浦东新区曹路镇迅建村黄家宅,浦东新区迅建村黄家宅
浦东新区曹路镇顾三村外金家宅,浦东新区顾三村外金家宅
浦东新区曹路镇顾三村黄家宅,浦东新区顾三村黄家宅
浦东新区曹路镇顾东村吴家宅,浦东新区顾东村吴家宅
浦东新区曹路镇顾东村新屋宅,浦东新区顾东村新屋,浦东新区顾东村新屋宅
浦东新区曹路镇顾东村李家盘,浦东新区顾东村李家盘
浦东新区曹路镇顾东村水洞港,浦东新区顾东村水洞港
浦东新区曹路镇顾东村田度宅,浦东新区顾东村田度宅
浦东新区曹路镇顾东村胡家宅,浦东新区顾东村胡家宅
浦东新区曹路镇顾东村花厅,浦东新区顾东村花厅
浦东新区曹路镇顾东村顾路老街,浦东新区顾东村顾路老街

浦东新区曹路镇黎明村张唐村,浦东新区张唐村
浦东新区曹路镇黎明村盛朱村,浦东新区盛朱村

浦东新区梅园村春鹤新村,浦东新区春鹤新村

浦东新区泥城镇中泐村北泐,浦东新区北泐村
浦东新区泥城镇人民村,浦东新区人民村

浦东新区泥城镇彭庙村,浦东新区彭庙村
浦东新区泥城镇彭庙村学士,浦东新区学士村,浦东新区泥城镇学士村
浦东新区泥城镇彭庙村彭一,浦东新区彭一村
浦东新区泥城镇新泐村彭六,浦东新区新泐村彭六
浦东新区泥城镇马厂村,浦东新区马厂村
浦东新区泥城镇高桥村,浦东新区高桥村

浦东新区海塘村北海塘宅,浦东新区北海塘村

浦东新区祝桥镇中圩村唐家宅,浦东新区中圩村唐家宅
浦东新区祝桥镇中圩村陈家宅,浦东新区中圩村陈家宅
浦东新区祝桥镇义泓村,浦东新区义泓村
浦东新区祝桥镇亭中村,浦东新区亭中村
浦东新区祝桥镇先进村,浦东新区先进村
浦东新区祝桥镇共和村李家宅,浦东新区共和村李家宅
浦东新区祝桥镇共和村高家宅,浦东新区共和村高家宅
浦东新区祝桥镇军民村周家宅,浦东新区军民村周家宅
浦东新区祝桥镇华路村西朱家宅,浦东新区华路村西朱家宅
浦东新区祝桥镇卫东村东乔家宅,浦东新区高桥村东乔家宅
浦东新区祝桥镇卫民村,浦东新区卫民村
浦东新区祝桥镇叶桥村,浦东新区叶桥村
浦东新区祝桥镇新东村,浦东新区新东村
浦东新区祝桥镇星光村前进,浦东新区星光村前进
浦东新区祝桥镇星火村,浦东新区星火村
浦东新区祝桥镇望楼三村陈家宅,浦东新区望三村陈家宅,浦东新区望楼三村陈家宅
浦东新区祝桥镇森林村陶家宅,浦东新区森林村陶家宅
浦东新区祝桥镇滨海一村龚家宅,浦东新区滨海一村龚家宅
浦东新区祝桥镇祝西村,浦东新区祝西村
浦东新区祝桥镇立新村,浦东新区立新村
浦东新区祝桥镇立新村张家宅,浦东新区立新村张家宅

浦东新区祝桥镇红旗村俞家宅,浦东新区红旗村俞家宅
浦东新区祝桥镇红星村,浦东新区红星村
浦东新区祝桥镇红星村红一,浦东新区红一村
浦东新区祝桥镇红星村红二,浦东新区祝桥镇红二村,浦东新区红二村
浦东新区祝桥镇道新村东杜家宅,浦东新区道新村东杜家宅
浦东新区祝桥镇邓镇二村谢家宅,浦东新区邓二村谢家宅
浦东新区祝桥镇金星村,浦东新区金星村
浦东新区祝桥镇陈胡村,浦东新区陈胡村
浦东新区祝桥镇陈胡村毛家宅,浦东新区陈胡村毛家宅
浦东新区红旗村李家油车,浦东新区李家油车
浦东新区红星村范家新村,浦东新区范家新村

浦东新区老港镇建港村,浦东新区建港村
浦东新区老港镇成一村,浦东新区成一村
浦东新区老港镇牛肚村,浦东新区牛肚村

浦东新区联勤村杨莲路冯家宅,浦东新区联勤村冯家宅

浦东新区胡巷村胡巷宅,浦东新区胡巷村
浦东新区航头镇梅园村,浦东新区梅园村
浦东新区航头镇沈庄村,浦东新区沈庄村

浦东新区航头镇牌楼村,浦东新区牌楼村
浦东新区航头镇王楼村,浦东新区王楼村
浦东新区航头镇福善村,浦东新区福善村
浦东新区航头镇航东村,浦东新区航东村
浦东新区航头镇鹤东村沿江,浦东新区沿江村
浦东新区航头镇鹤鸣村,浦东新区鹤鸣村
浦东新区花木街道龙王庙村南杨家堂,浦东新区龙王庙村南杨家堂,浦东新区花木镇龙王庙村南杨家堂

浦东新区迅建村季家村,浦东新区季家村

浦东新区邓镇三村南王家宅,浦东新区邓三村南王家宅
浦东新区邓镇二村储家宅,浦东新区邓二村储家宅
浦东新区金家村金家浜,浦东新区金家浜
浦东新区金杨新村街道金浜村,浦东新区金杨街道金浜村,浦东新区金浜村

浦东新区金桥镇王家桥村新宅,浦东新区王家桥村新宅

浦东新区革新村东钟文宅,浦东新区东钟文宅

浦东新区高东镇先锋村杨树园,浦东新区先锋村杨树园
浦东新区高东镇先锋村王朱家宅,浦东新区先锋村王朱家宅
浦东新区高东镇徐路村,浦东新区徐路村
浦东新区高东镇永新村金王家宅,浦东新区永新村金王家宅
浦东新区高东镇灯塔村,浦东新区灯塔村
浦东新区高东镇竞赛村沈家宅,浦东新区竞赛村沈家宅
浦东新区高东镇竞赛村龙稍宅,浦东新区竞赛村龙稍宅
浦东新区高东镇踊跃村东孙家沟,浦东新区高东镇东孙家沟
浦东新区高东镇踊跃村黄家门,浦东新区踊跃村黄家门
浦东新区高东镇金光村朱尤陆家宅,浦东新区金光村朱尤陆家宅
浦东新区高东镇龙桥村南杨家宅,浦东新区高东镇南杨家宅,浦东新区龙桥村南杨家宅
浦东新区高桥镇三岔港村丁家浜,浦东新区三岔港村丁家浜

浦东新区高桥镇仓房村仓房港,浦东新区仓房村仓房港
浦东新区高桥镇仓房村南沟头,浦东新区仓房村南沟头
浦东新区高桥镇凌桥村仓房浜,浦东新区凌桥村仓房浜
浦东新区高桥镇凌桥村毛家浜西,浦东新区凌桥村毛家浜西

浦东新区高桥镇北新村,浦东新区北新村
浦东新区高桥镇中新村,浦东新区中新村

青浦区重固镇中新村,青浦区中新村

浦东新区高桥镇南塘村姚家宅,浦东新区南塘村姚家宅
浦东新区高桥镇南塘村顾家宅,浦东新区南塘村顾家宅
浦东新区高桥镇南塘村龚家宅,浦东新区南塘村龚家宅

浦东新区高桥镇新农村北凌家宅,浦东新区新农村北凌家宅
浦东新区高桥镇新农村北项湾,浦东新区新农村北项湾,浦东新区北项湾
浦东新区高桥镇新农村南项湾,浦东新区新农村南项湾
浦东新区高桥镇新农村沈家宅,浦东新区新农村沈家宅
浦东新区高桥镇西新村尖角圩,浦东新区西新村尖角圩,浦东新区高桥镇尖角圩,浦东新区尖角圩
浦东新区高桥镇西新村草镇,浦东新区西新村草镇

浦东新区高桥镇镇南村姚家宅,浦东新区镇南村姚家宅
浦东新区高桥镇镇南村西浜头,浦东新区镇南村西浜头
浦东新区高桥镇陆凌村宋家宅,浦东新区陆凌村宋家宅
浦东新区高桥镇陆凌村瞿家宅,浦东新区陆凌村瞿家宅
浦东新区高桥镇陆凌村西凌家宅,浦东新区陆凌村西凌家宅
浦东新区高桥镇陆凌村陆家宅,浦东新区陆凌村陆家宅
浦东新区高桥镇顾家圩村杨家宅,浦东新区顾家圩村杨家宅
浦东新区高桥镇龙叶村叶家角,浦东新区龙叶村叶家角

金山区恒信居民区康妙东区,金山区康妙东区

闵行区江川路街道剑川路综合服务中心工地宿舍,闵行区剑川路综合服务中心工地宿舍
闵行区浦江镇知新村,闵行区知新村

青浦区白鹤镇众舟,青浦区众舟

静安区普善路毛家弄4号,静安区毛家弄4号